{"cameraMode":{"drawMode":0,"name":"Shaded","section":"Shading Mode"},"sceneLighting":true,"audioPlay":false,"sceneViewState":{"showFog":true,"showMaterialUpdate":false,"showSkybox":true,"showFlares":true,"showImageEffects":true,"showParticleSystems":true},"in2DMode":false,"pivot":{"x":-2.2859983444213869,"y":1.0609734058380128,"z":1.6241436004638672},"rotation":{"x":-0.20275390148162843,"y":0.03729937970638275,"z":-0.007719141896814108,"w":-0.9785414934158325},"size":3.255817174911499,"orthographic":false}