{"cameraMode":{"drawMode":0,"name":"Shaded","section":"Shading Mode"},"sceneLighting":true,"audioPlay":false,"sceneViewState":{"showFog":true,"showMaterialUpdate":false,"showSkybox":true,"showFlares":true,"showImageEffects":true,"showParticleSystems":true},"in2DMode":false,"pivot":{"x":1.528178095817566,"y":4.673251152038574,"z":-1.9793591499328614},"rotation":{"x":0.36376869678497317,"y":-0.006707224529236555,"z":0.002592369681224227,"w":0.9314903020858765},"size":4.207394599914551,"orthographic":false}