{"cameraMode":{"drawMode":0,"name":"Shaded","section":"Shading Mode"},"sceneLighting":true,"audioPlay":false,"sceneViewState":{"showFog":true,"showMaterialUpdate":false,"showSkybox":true,"showFlares":true,"showImageEffects":true,"showParticleSystems":true},"in2DMode":false,"pivot":{"x":-0.12104320526123047,"y":2.1804111003875734,"z":1.0194511413574219},"rotation":{"x":0.05722426995635033,"y":-0.9417248368263245,"z":0.25638750195503237,"w":0.21019946038722993},"size":4.140766143798828,"orthographic":false}