{"cameraMode":{"drawMode":0,"name":"Shaded","section":"Shading Mode"},"sceneLighting":true,"audioPlay":false,"sceneViewState":{"showFog":true,"showMaterialUpdate":false,"showSkybox":true,"showFlares":true,"showImageEffects":true,"showParticleSystems":true},"in2DMode":false,"pivot":{"x":-6.871363639831543,"y":0.317882776260376,"z":11.072410583496094},"rotation":{"x":-0.3070831596851349,"y":0.0330963209271431,"z":-0.010684014298021794,"w":-0.9510895609855652},"size":2.7463552951812746,"orthographic":false}