{"cameraMode":{"drawMode":0,"name":"Shaded","section":"Shading Mode"},"sceneLighting":true,"audioPlay":false,"sceneViewState":{"showFog":true,"showMaterialUpdate":false,"showSkybox":true,"showFlares":true,"showImageEffects":true,"showParticleSystems":true},"in2DMode":false,"pivot":{"x":-1.3472156524658204,"y":-6.062154769897461,"z":2.0039186477661135},"rotation":{"x":-0.341708242893219,"y":0.3746832013130188,"z":-0.15091565251350404,"w":-0.8486411571502686},"size":15.775188446044922,"orthographic":false}